"frase","situacao"
"sinto dor no peito forte que vai para o braço esquerdo","alto risco"
"estou com falta de ar mesmo deitado e parado","alto risco"
"desmaiei hoje de manhã enquanto tomava banho","alto risco"
"meu coração disparou e fiquei tonto, quase caí","alto risco"
"a dor no peito começou há uma hora e não passa","alto risco"
"sinto um aperto no peito que sobe para a mandíbula","alto risco"
"acordei de madrugada sem conseguir respirar","alto risco"
"tenho dor no peito e suor frio desde cedo","alto risco"
"quando caminho meia quadra o peito aperta e preciso parar","alto risco"
"minhas pernas incharam muito e não consigo deitar sem ficar sem ar","alto risco"
"senti uma pontada forte no peito e o braço ficou dormente","alto risco"
"estou com palpitação e dor no peito ao mesmo tempo","alto risco"
"a pressão deu 20 por 12 e estou com dor de cabeça forte e visão embaçada","alto risco"
"tive uma batedeira forte e apaguei por alguns segundos","alto risco"
"o peito dói muito quando respiro fundo e estou com febre há três dias","alto risco"
"sinto uma queimação no peito que irradia para as costas e não melhora","alto risco"
"qualquer esforço me deixa sem ar e com o peito pesado","alto risco"
"a panturrilha está inchada, vermelha e dolorida e agora sinto falta de ar","alto risco"
"meu coração está batendo muito rápido e irregular há horas","alto risco"
"sinto o peito apertado e enjoo forte sem motivo","alto risco"
"desde ontem tenho dor no peito que piora quando deito","alto risco"
"quase desmaiei subindo a rampa do metrô","alto risco"
"estou com uma agonia no peito e o braço esquerdo formigando","alto risco"
"tenho falta de ar até para falar uma frase inteira","alto risco"
"a dor no peito me acorda de noite e dura vários minutos","alto risco"
"sinto o coração falhando e fico com a vista escura","alto risco"
"meus lábios estão roxos e não consigo respirar direito","alto risco"
"a dor no peito vai para o pescoço e o queixo","alto risco"
"senti um peso enorme no tórax e comecei a suar muito","alto risco"
"tenho tontura forte toda vez que levanto e o coração dispara","alto risco"
"depois da gripe fiquei com dor no peito e cansaço extremo, não consigo trabalhar","alto risco"
"estou sem ar até para tomar banho","alto risco"
"a dor no peito começou no futebol e não passou mesmo parando","alto risco"
"meus tornozelos e pernas incharam e ganhei peso rápido em poucos dias","alto risco"
"sinto o peito queimar e a dor desce para o braço direito","alto risco"
"fiquei sem forças, suando frio e com dor no peito no trabalho","alto risco"
"a batedeira veio junto com dor no peito e falta de ar","alto risco"
"perdi a consciência por um momento enquanto conversava","alto risco"
"preciso dormir sentado porque deitado me falta o ar","alto risco"
"sinto uma dor esmagando o peito há trinta minutos","alto risco"
"estou pálido, suado e com dor forte no peito","alto risco"
"tive dor no peito ao subir a ladeira e ela continuou mesmo em repouso","alto risco"
"a dor no peito é tão forte que não consigo ficar em pé","alto risco"
"há uma semana o peito aperta sempre que faço um pequeno esforço","alto risco"
"estou com chiado e falta de ar em repouso e os pés inchados","alto risco"
"o coração acelera do nada e sinto que vou desmaiar","alto risco"
"apareceu de repente uma dor forte nas costas, como se estivesse rasgando","alto risco"
"minha pressão está muito alta e sinto dor no peito","alto risco"
"tossi sangue e estou com falta de ar súbita","alto risco"
"dor no peito com sensação de morte, nunca senti isso antes","alto risco"
"sinto falta de ar repentina e dor no peito depois de uma viagem longa de ônibus","alto risco"
"a dor do peito vai para o braço e para o estômago e estou vomitando","alto risco"
"desmaiei durante a corrida","alto risco"
"tenho palpitação com tontura toda vez que faço esforço","alto risco"
"sinto o peito apertado e falta de ar desde que acordei","alto risco"
"o lado esquerdo do peito dói e o braço pesa","alto risco"
"meu coração parece que vai sair pela boca e estou tonto","alto risco"
"não consigo andar até o portão sem perder o fôlego","alto risco"
"estou com dor no peito forte há horas e o remédio não aliviou","alto risco"
"senti uma fisgada no peito, fiquei sem ar e caí","alto risco"
"tô com uma dor no peito muito forte que não passa de jeito nenhum","alto risco"
"o peito tá apertando e o braço tá dormente","alto risco"
"tô sem ar parado no sofá","alto risco"
"me deu um troço no peito e fiquei roxo","alto risco"
"dor no pieto forte e suando frio","alto risco"
"tenho uma pressão no meio do peito que irradia para o ombro","alto risco"
"estou com dor no peito e a pressão caiu muito","alto risco"
"a falta de ar piorou muito nos últimos dias e não consigo mais trabalhar","alto risco"
"sinto o coração bater fraco e muito devagar e fico tonto","alto risco"
"senti uma dor rasgando no peito que foi para as costas","alto risco"
"desde ontem estou com dor no peito que piora quando respiro e não consigo deitar","alto risco"
"tenho dor no peito e o lado esquerdo do rosto formigando","alto risco"
"quase caí de tontura com o coração disparado depois de levantar da cama","alto risco"
"meu peito dói forte há duas horas e estou com náusea","alto risco"
"estou com inchaço nas pernas e falta de ar quando deito","alto risco"
"tive um leve incômodo nas costas depois de carregar caixas","baixo risco"
"sinto dor no peito leve depois de comer muito","baixo risco"
"fiquei com falta de ar depois de correr 5 km, mas passou em poucos minutos","baixo risco"
"meu coração acelerou depois de tomar três cafés","baixo risco"
"senti uma pontada rápida no peito que passou na hora","baixo risco"
"tenho dor muscular no peito depois do treino de supino","baixo risco"
"fiquei cansada depois de uma semana dormindo pouco","baixo risco"
"sinto o coração acelerado antes de apresentar trabalho na faculdade","baixo risco"
"as pernas incham um pouco no fim do dia quando fico muito tempo em pé","baixo risco"
"tenho azia depois de comer feijoada","baixo risco"
"o peito dói quando aperto o local, desde que bati na porta","baixo risco"
"senti tontura leve ao levantar rápido, mas passou logo","baixo risco"
"tive falta de ar leve carregando sacolas pesadas, e melhorou ao parar","baixo risco"
"sinto cansaço depois de um dia longo de trabalho","baixo risco"
"tive uma batedeira rápida depois de um susto, mas já passou","baixo risco"
"o peito ficou dolorido depois de uma crise de tosse do resfriado","baixo risco"
"sinto queimação no estômago quando tomo café em jejum","baixo risco"
"fiquei ofegante jogando bola com meu sobrinho e logo recuperei","baixo risco"
"senti o coração disparar no filme de terror e logo voltou ao normal","baixo risco"
"tenho uma dor nas costelas quando durmo de mau jeito","baixo risco"
"senti uma fisgada no peito ao espirrar e não voltou mais","baixo risco"
"minhas pernas incharam um pouco depois da viagem de avião, mas desincharam no dia seguinte","baixo risco"
"sinto um leve aperto no peito quando fico ansiosa com prova, e passa quando me acalmo","baixo risco"
"estou um pouco cansado depois de voltar a treinar na academia","baixo risco"
"a pressão subiu um pouco depois do churrasco salgado, mas estou bem","baixo risco"
"o braço está dolorido depois da vacina","baixo risco"
"sinto dor no braço esquerdo desde que comecei a jogar tênis","baixo risco"
"tenho dor no ombro depois de dormir em cima do braço","baixo risco"
"tive um soluço longo e um desconforto leve no peito","baixo risco"
"sinto o peito pesado quando estou gripado e com o nariz entupido","baixo risco"
"fiquei sem fôlego ao correr para pegar o ônibus e logo passou","baixo risco"
"senti palpitação depois de tomar energético","baixo risco"
"sinto um pouco de tontura quando fico muito tempo sem comer","baixo risco"
"tenho cãibra na panturrilha depois de correr","baixo risco"
"o peito dói um pouco quando rio, desde que caí de bicicleta semana passada","baixo risco"
"fiquei cansada depois de passar a noite estudando","baixo risco"
"tô com uma dorzinha chata nas costas de ficar sentada no computador","baixo risco"
"meu coração bate rápido depois de subir três andares, mas volta ao normal em um minuto","baixo risco"
"fiquei com a garganta irritada e tosse depois de correr no frio","baixo risco"
"tive uma leve dor de cabeça depois de ficar muito tempo no sol","baixo risco"
"senti o coração pular uma batida uma vez hoje e depois nada mais","baixo risco"
"estou com o pé um pouco inchado depois de torcer o tornozelo","baixo risco"
"sinto azia e gosto amargo na boca depois do almoço","baixo risco"
"me sinto um pouco sem energia nos dias muito quentes","baixo risco"
"o peito arde um pouco quando como comida apimentada","baixo risco"
"tô com uma leve falta de ar por causa do nariz entupido da rinite","baixo risco"
"senti tontura depois de girar no brinquedo do parque","baixo risco"
"tenho uma dor leve no peito quando pressiono o músculo, depois de pegar peso","baixo risco"
"fiquei com o coração acelerado depois de discutir no trânsito e logo me acalmei","baixo risco"
"estou com dor no braço de tanto carregar meu filho no colo","baixo risco"
"tive uma pontadinha na barriga enquanto corria e passou ao andar","baixo risco"
"sinto um cansaço leve depois do almoço, aquela moleza","baixo risco"
"sinto a pele do peito dolorida por causa de uma queimadura de sol","baixo risco"
"fiquei sem ar de tanto rir de uma piada","baixo risco"
"estou com tosse seca leve há dois dias por causa da gripe, sem febre","baixo risco"
"senti batedeira depois de tomar remédio para gripe com cafeína","baixo risco"
"meu peito dói um pouco depois de fazer flexões pela primeira vez","baixo risco"
"fico ofegante depois de nadar várias piscinas seguidas","baixo risco"
"senti dormência na mão depois de dormir em cima dela","baixo risco"
"o coração disparou quando levei um susto com o cachorro latindo","baixo risco"
"tenho dor leve nas costas por carregar mochila pesada","baixo risco"
"estou com os dedos um pouco inchados depois de comer muito sal","baixo risco"
"tive um mal-estar leve depois de comer camarão, mas já passou","baixo risco"
"sinto um pouco de enjoo de manhã quando não tomo café","baixo risco"
"tô meio cansado porque dormi mal essa noite","baixo risco"
"o peito ficou apertado de nervoso antes da entrevista, mas passou depois","baixo risco"
"senti um leve formigamento no pé depois de ficar de pernas cruzadas","baixo risco"
"tenho dor de garganta e um pouco de cansaço por causa do resfriado","baixo risco"
"senti o coração acelerar com um café bem forte e passou em meia hora","baixo risco"
"sinto dor na costela depois de uma queda leve no futebol, sem falta de ar","baixo risco"
"não sinto dor no peito, só um cansaço normal de fim de semana","baixo risco"
"não tenho falta de ar, só fiquei um pouco tonta ao levantar","baixo risco"
"sem dor no peito, só uma azia depois da pizza","baixo risco"
"tive uma leve palpitação ao acordar de um pesadelo e depois dormi bem","baixo risco"
"sinto as pernas pesadas depois de um dia inteiro de salto alto","baixo risco"
